d_model,n_experts,k,capacity_factor,drop_policy,aux_alpha,int8_comms,batch,seq,ep,experts_per_rank,aux_loss,fwd_ms,dispatch_buf_mb,dispatch_lat_us,drop_rate,assigned_total
512,8,1,0.8,drop,0.0,False,32,64,8,1,0.0,28.474042017478496,0.26624,12.47955322265625,0.203125,1632
512,8,1,0.8,drop,0.0,False,32,64,32,1,0.0,25.65850000246428,1.06496,19.918212890625,0.203125,1632
512,8,1,0.8,drop,0.0,True,32,64,8,1,0.0,26.14783399621956,0.135168,11.25885009765625,0.203125,1632
512,8,1,0.8,drop,0.0,True,32,64,32,1,0.0,25.25395798147656,0.540672,15.035400390625,0.203125,1632
512,8,1,0.8,drop,0.01,False,32,64,8,1,0.010002327151596546,24.49487501871772,0.26624,12.47955322265625,0.203125,1632
512,8,1,0.8,drop,0.01,False,32,64,32,1,0.010004843585193157,24.373457999899983,1.06496,19.918212890625,0.203125,1632
512,8,1,0.8,drop,0.01,True,32,64,8,1,0.010003631003201008,40.507416997570544,0.135168,11.25885009765625,0.203125,1632
512,8,1,0.8,drop,0.01,True,32,64,32,1,0.010010834783315659,24.87437499803491,0.540672,15.035400390625,0.203125,1632
512,8,1,0.8,backup,0.0,False,32,64,8,1,0.0,25.0879579980392,0.26624,12.47955322265625,0.0,1632
512,8,1,0.8,backup,0.0,False,32,64,32,1,0.0,24.650500010466203,1.06496,19.918212890625,0.0,1632
512,8,1,0.8,backup,0.0,True,32,64,8,1,0.0,25.96095798071474,0.135168,11.25885009765625,0.0,1632
512,8,1,0.8,backup,0.0,True,32,64,32,1,0.0,27.56841600057669,0.540672,15.035400390625,0.0,1632
512,8,1,0.8,backup,0.01,False,32,64,8,1,0.01000624056905508,24.467207986162975,0.26624,12.47955322265625,0.0,1632
512,8,1,0.8,backup,0.01,False,32,64,32,1,0.010007727891206741,23.953374999109656,1.06496,19.918212890625,0.0,1632
512,8,1,0.8,backup,0.01,True,32,64,8,1,0.010014849714934826,25.133916991762817,0.135168,11.25885009765625,0.0,1632
512,8,1,0.8,backup,0.01,True,32,64,32,1,0.010011098347604275,24.577791977208108,0.540672,15.035400390625,0.0,1632
512,8,1,1.0,drop,0.0,False,32,64,8,1,0.0,28.90362500329502,0.26624,12.47955322265625,0.02197265625,2003
512,8,1,1.0,drop,0.0,False,32,64,32,1,0.0,27.706375025445595,1.06496,19.918212890625,0.02392578125,1999
512,8,1,1.0,drop,0.0,True,32,64,8,1,0.0,28.038457996444777,0.135168,11.25885009765625,0.02099609375,2005
512,8,1,1.0,drop,0.0,True,32,64,32,1,0.0,28.977541980566457,0.540672,15.035400390625,0.029296875,1988
512,8,1,1.0,drop,0.01,False,32,64,8,1,0.010002681985497475,28.660374984610826,0.26624,12.47955322265625,0.01904296875,2009
512,8,1,1.0,drop,0.01,False,32,64,32,1,0.01000354066491127,28.651125001488253,1.06496,19.918212890625,0.0205078125,2006
512,8,1,1.0,drop,0.01,True,32,64,8,1,0.010014649480581284,27.682249987265095,0.135168,11.25885009765625,0.03662109375,1973
512,8,1,1.0,drop,0.01,True,32,64,32,1,0.01000117976218462,27.799000003142282,0.540672,15.035400390625,0.02978515625,1987
512,8,1,1.0,backup,0.0,False,32,64,8,1,0.0,43.200665997574106,0.26624,12.47955322265625,0.0,1964
512,8,1,1.0,backup,0.0,False,32,64,32,1,0.0,28.93254198716022,1.06496,19.918212890625,0.0,1971
512,8,1,1.0,backup,0.0,True,32,64,8,1,0.0,28.847041015978903,0.135168,11.25885009765625,0.0,2000
512,8,1,1.0,backup,0.0,True,32,64,32,1,0.0,29.066709015751258,0.540672,15.035400390625,0.0,2000
512,8,1,1.0,backup,0.01,False,32,64,8,1,0.010001758113503456,28.359707997879013,0.26624,12.47955322265625,0.0,2009
512,8,1,1.0,backup,0.01,False,32,64,32,1,0.010013069026172161,26.728290977189317,1.06496,19.918212890625,0.0,1964
512,8,1,1.0,backup,0.01,True,32,64,8,1,0.010008854791522026,27.52108298591338,0.135168,11.25885009765625,0.0,1974
512,8,1,1.0,backup,0.01,True,32,64,32,1,0.010000267066061497,28.916249983012676,0.540672,15.035400390625,0.0,2025
512,8,2,0.8,drop,0.0,False,32,64,8,1,0.0,44.93825000827201,0.26624,12.47955322265625,0.201171875,3272
512,8,2,0.8,drop,0.0,False,32,64,32,1,0.0,44.36054200050421,1.06496,19.918212890625,0.201171875,3272
512,8,2,0.8,drop,0.0,True,32,64,8,1,0.0,46.24399999738671,0.135168,11.25885009765625,0.201171875,3272
512,8,2,0.8,drop,0.0,True,32,64,32,1,0.0,44.54174998681992,0.540672,15.035400390625,0.201171875,3272
512,8,2,0.8,drop,0.01,False,32,64,8,1,0.01000817958265543,61.85470797936432,0.26624,12.47955322265625,0.201171875,3272
512,8,2,0.8,drop,0.01,False,32,64,32,1,0.010006142780184746,46.778707997873425,1.06496,19.918212890625,0.201171875,3272
512,8,2,0.8,drop,0.01,True,32,64,8,1,0.010002613067626953,45.24179099826142,0.135168,11.25885009765625,0.201171875,3272
512,8,2,0.8,drop,0.01,True,32,64,32,1,0.01000958401709795,45.31712501193397,0.540672,15.035400390625,0.201171875,3272
512,8,2,0.8,backup,0.0,False,32,64,8,1,0.0,45.31874999520369,0.26624,12.47955322265625,0.0,3272
512,8,2,0.8,backup,0.0,False,32,64,32,1,0.0,47.10729201906361,1.06496,19.918212890625,0.0,3272
512,8,2,0.8,backup,0.0,True,32,64,8,1,0.0,46.45604101824574,0.135168,11.25885009765625,0.0,3272
512,8,2,0.8,backup,0.0,True,32,64,32,1,0.0,47.11195800337009,0.540672,15.035400390625,0.0,3272
512,8,2,0.8,backup,0.01,False,32,64,8,1,0.010001881048083305,62.482374982209876,0.26624,12.47955322265625,0.0,3272
512,8,2,0.8,backup,0.01,False,32,64,32,1,0.010002972558140755,45.87358399294317,1.06496,19.918212890625,0.0,3272
512,8,2,0.8,backup,0.01,True,32,64,8,1,0.010004048235714436,48.5178749950137,0.135168,11.25885009765625,0.0,3272
512,8,2,0.8,backup,0.01,True,32,64,32,1,0.010000762529671192,49.3028330092784,0.540672,15.035400390625,0.0,3272
512,8,2,1.0,drop,0.0,False,32,64,8,1,0.0,54.08162498497404,0.26624,12.47955322265625,0.020263671875,4013
512,8,2,1.0,drop,0.0,False,32,64,32,1,0.0,53.297874983400106,1.06496,19.918212890625,0.018310546875,4021
512,8,2,1.0,drop,0.0,True,32,64,8,1,0.0,54.18191701755859,0.135168,11.25885009765625,0.015869140625,4031
512,8,2,1.0,drop,0.0,True,32,64,32,1,0.0,69.8582089971751,0.540672,15.035400390625,0.01611328125,4030
512,8,2,1.0,drop,0.01,False,32,64,8,1,0.010002966038882732,55.15279099927284,0.26624,12.47955322265625,0.015625,4032
512,8,2,1.0,drop,0.01,False,32,64,32,1,0.010001763701438904,53.37433298700489,1.06496,19.918212890625,0.0166015625,4028
512,8,2,1.0,drop,0.01,True,32,64,8,1,0.010007437318563461,54.500041995197535,0.135168,11.25885009765625,0.021728515625,4007
512,8,2,1.0,drop,0.01,True,32,64,32,1,0.010004439391195774,53.648750006686896,0.540672,15.035400390625,0.021240234375,4009
512,8,2,1.0,backup,0.0,False,32,64,8,1,0.0,58.277125004678965,0.26624,12.47955322265625,0.0,4043
512,8,2,1.0,backup,0.0,False,32,64,32,1,0.0,53.95462497835979,1.06496,19.918212890625,0.0,4016
512,8,2,1.0,backup,0.0,True,32,64,8,1,0.0,70.33562500146218,0.135168,11.25885009765625,0.0,4047
512,8,2,1.0,backup,0.0,True,32,64,32,1,0.0,52.98954198951833,0.540672,15.035400390625,0.0,4026
512,8,2,1.0,backup,0.01,False,32,64,8,1,0.010003562085330486,54.71108399797231,0.26624,12.47955322265625,0.0,4040
512,8,2,1.0,backup,0.01,False,32,64,32,1,0.010001182556152344,55.13845902169123,1.06496,19.918212890625,0.0,4049
512,8,2,1.0,backup,0.01,True,32,64,8,1,0.010004743002355099,53.881917003309354,0.135168,11.25885009765625,0.0,4024
512,8,2,1.0,backup,0.01,True,32,64,32,1,0.010006322525441647,53.91845799749717,0.540672,15.035400390625,0.0,4001
